﻿<parameters>
  <parameter name="IIS Web Application Name" defaultValue="Default Web Site/NYDOE.RER.PMO.GroupProvisionWeb" tags="IisApp">
    <parameterEntry kind="ProviderPath" scope="IisApp" match="^E:\\Projects\ 2015\\NYDOE\.RER\.PMO\.GroupProvision\\NYDOE\.RER\.PMO\.GroupProvisionWeb\\obj\\Release\\Package\\PackageTmp$" />
    <parameterEntry kind="ProviderPath" scope="setAcl" match="^E:\\Projects\ 2015\\NYDOE\.RER\.PMO\.GroupProvision\\NYDOE\.RER\.PMO\.GroupProvisionWeb\\obj\\Release\\Package\\PackageTmp$" />
  </parameter>
  <parameter name="ClientId" description="Value for ClientId here." defaultValue="adb1412b-edb2-44d7-a536-a72568e37ee6" tags="applicationSettings">
    <parameterEntry kind="XmlFile" scope="web.config$" match="/configuration/appSettings/add[@key='ClientId']/@value" />
  </parameter>
  <parameter name="ClientSigningCertificatePath" description="Value for ClientSigningCertificatePath here." defaultValue="C:\Certs\ProviderHostedHighTrust.pfx" tags="applicationSettings">
    <parameterEntry kind="XmlFile" scope="web.config$" match="/configuration/appSettings/add[@key='ClientSigningCertificatePath']/@value" />
  </parameter>
  <parameter name="ClientSigningCertificatePassword" description="Value for ClientSigningCertificatePassword here." defaultValue="123456" tags="applicationSettings">
    <parameterEntry kind="XmlFile" scope="web.config$" match="/configuration/appSettings/add[@key='ClientSigningCertificatePassword']/@value" />
  </parameter>
  <parameter name="IssuerId" description="Value for IssuerId here." defaultValue="d250d0bc-d44e-4d8b-9e36-567817943628" tags="applicationSettings">
    <parameterEntry kind="XmlFile" scope="web.config$" match="/configuration/appSettings/add[@key='IssuerId']/@value" />
  </parameter>
</parameters>